id,name,open,labeled,commented,closed
I_kwDOJ6WYl85rZIpa,https://github.com/obsidianmd/obsidian-importer/issues/1,2023-07-12T20:57:24Z,2023-10-13T20:10:01Z,2023-07-13T02:54:13Z,
I_kwDOJ6WYl85rZJGI,https://github.com/obsidianmd/obsidian-importer/issues/2,2023-07-12T20:58:52Z,2023-10-13T23:48:16Z,,
I_kwDOJ6WYl85rZJiF,https://github.com/obsidianmd/obsidian-importer/issues/3,2023-07-12T21:00:19Z,2024-05-22T19:51:52Z,,2024-05-22T19:51:53Z
I_kwDOJ6WYl85raPrC,https://github.com/obsidianmd/obsidian-importer/issues/4,2023-07-13T02:40:55Z,2023-07-24T21:54:55Z,2023-07-13T02:46:48Z,2023-09-06T17:07:50Z
I_kwDOJ6WYl85rawO1,https://github.com/obsidianmd/obsidian-importer/issues/5,2023-07-13T05:02:08Z,,2023-07-27T19:09:58Z,2023-08-03T17:31:23Z
I_kwDOJ6WYl85rbAEe,https://github.com/obsidianmd/obsidian-importer/issues/6,2023-07-13T05:58:43Z,,2023-07-13T14:25:33Z,2023-07-14T23:26:14Z
I_kwDOJ6WYl85rfEnK,https://github.com/obsidianmd/obsidian-importer/issues/8,2023-07-13T15:48:56Z,,2023-07-14T23:29:25Z,2023-07-14T23:29:25Z
I_kwDOJ6WYl85riMOe,https://github.com/obsidianmd/obsidian-importer/issues/9,2023-07-14T04:06:09Z,2023-07-14T23:25:32Z,2023-07-14T23:25:40Z,2023-07-14T23:25:40Z
I_kwDOJ6WYl85rmEv8,https://github.com/obsidianmd/obsidian-importer/issues/10,2023-07-14T16:25:40Z,2023-07-14T23:21:34Z,2023-07-14T16:38:03Z,
I_kwDOJ6WYl85roPWt,https://github.com/obsidianmd/obsidian-importer/issues/11,2023-07-14T23:19:46Z,2023-07-14T23:19:46Z,2023-07-19T18:43:17Z,2023-09-06T15:55:37Z
I_kwDOJ6WYl85roQX5,https://github.com/obsidianmd/obsidian-importer/issues/12,2023-07-14T23:25:05Z,2023-07-14T23:25:05Z,2023-07-25T18:09:31Z,2023-08-10T16:57:51Z
I_kwDOJ6WYl85roRB9,https://github.com/obsidianmd/obsidian-importer/issues/13,2023-07-14T23:29:08Z,2023-07-14T23:29:08Z,2023-07-15T09:04:12Z,2023-09-10T17:47:14Z
I_kwDOJ6WYl85roRkc,https://github.com/obsidianmd/obsidian-importer/issues/14,2023-07-14T23:32:23Z,2023-07-14T23:32:23Z,2023-07-25T17:29:07Z,2023-08-09T18:46:16Z
I_kwDOJ6WYl85roRp4,https://github.com/obsidianmd/obsidian-importer/issues/15,2023-07-14T23:32:59Z,2023-07-14T23:32:59Z,2023-07-15T20:24:37Z,2023-10-17T16:30:27Z
I_kwDOJ6WYl85roRud,https://github.com/obsidianmd/obsidian-importer/issues/16,2023-07-14T23:33:28Z,2023-07-14T23:33:28Z,2023-07-25T20:09:25Z,2023-09-06T16:07:17Z
I_kwDOJ6WYl85rsLMa,https://github.com/obsidianmd/obsidian-importer/issues/17,2023-07-16T22:37:32Z,2023-07-17T20:33:23Z,2023-12-18T00:14:20Z,
I_kwDOJ6WYl85rxcKT,https://github.com/obsidianmd/obsidian-importer/issues/18,2023-07-17T16:22:12Z,2023-07-17T20:33:24Z,2023-09-10T13:48:03Z,
I_kwDOJ6WYl85r5j4s,https://github.com/obsidianmd/obsidian-importer/issues/19,2023-07-18T16:05:37Z,2023-07-18T16:05:37Z,,2023-09-06T16:19:07Z
I_kwDOJ6WYl85r5k43,https://github.com/obsidianmd/obsidian-importer/issues/20,2023-07-18T16:08:15Z,2023-07-18T16:08:15Z,,
I_kwDOJ6WYl85r7kaL,https://github.com/obsidianmd/obsidian-importer/issues/23,2023-07-18T21:55:37Z,2023-07-18T21:55:37Z,2023-09-23T13:10:23Z,
I_kwDOJ6WYl85r7w77,https://github.com/obsidianmd/obsidian-importer/issues/24,2023-07-18T22:47:57Z,2023-10-13T20:01:52Z,2023-07-19T01:46:40Z,2024-02-09T20:41:34Z
I_kwDOJ6WYl85sSBMD,https://github.com/obsidianmd/obsidian-importer/issues/25,2023-07-22T07:27:39Z,2023-07-22T14:31:03Z,2023-07-22T07:31:35Z,2023-08-15T16:31:18Z
I_kwDOJ6WYl85sSKKS,https://github.com/obsidianmd/obsidian-importer/issues/26,2023-07-22T09:32:19Z,2023-10-13T20:01:46Z,2023-07-22T10:20:47Z,2024-02-09T20:40:41Z
I_kwDOJ6WYl85sTF2w,https://github.com/obsidianmd/obsidian-importer/issues/27,2023-07-23T00:53:58Z,2023-07-23T00:53:58Z,,
I_kwDOJ6WYl85sbHUx,https://github.com/obsidianmd/obsidian-importer/issues/28,2023-07-24T19:58:25Z,2023-07-24T19:58:25Z,2023-07-25T05:47:58Z,2023-08-05T02:53:49Z
I_kwDOJ6WYl85sbdiQ,https://github.com/obsidianmd/obsidian-importer/issues/29,2023-07-24T21:01:07Z,2023-07-24T21:37:46Z,2023-07-28T20:03:34Z,2023-07-28T20:03:34Z
I_kwDOJ6WYl85sn1-V,https://github.com/obsidianmd/obsidian-importer/issues/30,2023-07-26T13:08:08Z,2023-07-26T14:54:11Z,2023-08-08T13:11:09Z,
I_kwDOJ6WYl85tE_o4,https://github.com/obsidianmd/obsidian-importer/issues/35,2023-07-31T21:05:30Z,2023-07-31T21:07:02Z,2023-08-01T01:20:58Z,2023-08-10T18:28:30Z
I_kwDOJ6WYl85tFHEE,https://github.com/obsidianmd/obsidian-importer/issues/36,2023-07-31T21:30:21Z,2023-07-31T21:32:42Z,2023-07-31T21:32:33Z,2023-07-31T21:32:44Z
I_kwDOJ6WYl85tJSTt,https://github.com/obsidianmd/obsidian-importer/issues/38,2023-08-01T12:15:23Z,2023-08-01T14:58:35Z,2024-05-10T10:50:49Z,
I_kwDOJ6WYl85tMrkn,https://github.com/obsidianmd/obsidian-importer/issues/39,2023-08-01T21:11:07Z,2023-08-02T15:54:25Z,2023-08-02T12:56:05Z,
I_kwDOJ6WYl85tYb03,https://github.com/obsidianmd/obsidian-importer/issues/41,2023-08-03T13:57:35Z,2023-08-04T15:11:24Z,2023-08-03T16:06:03Z,2023-08-15T18:53:01Z
I_kwDOJ6WYl85tck7N,https://github.com/obsidianmd/obsidian-importer/issues/43,2023-08-04T07:20:01Z,2023-08-04T15:11:15Z,2023-11-14T22:14:03Z,2024-12-09T23:11:48Z
I_kwDOJ6WYl85tjgFU,https://github.com/obsidianmd/obsidian-importer/issues/46,2023-08-06T03:06:09Z,,2023-08-06T15:51:10Z,2023-08-06T17:20:41Z
I_kwDOJ6WYl85tj0H1,https://github.com/obsidianmd/obsidian-importer/issues/47,2023-08-06T08:15:52Z,2023-08-08T16:01:39Z,,
I_kwDOJ6WYl85tr5VM,https://github.com/obsidianmd/obsidian-importer/issues/48,2023-08-07T21:20:32Z,2023-08-09T00:11:14Z,2023-09-05T13:42:10Z,
I_kwDOJ6WYl85tsIQG,https://github.com/obsidianmd/obsidian-importer/issues/49,2023-08-07T22:22:42Z,2023-08-09T00:10:56Z,2024-02-02T19:54:59Z,
I_kwDOJ6WYl85twl_l,https://github.com/obsidianmd/obsidian-importer/issues/52,2023-08-08T14:40:21Z,2023-08-09T00:10:24Z,2023-08-15T16:45:58Z,2023-10-13T20:00:27Z
I_kwDOJ6WYl85t87yN,https://github.com/obsidianmd/obsidian-importer/issues/53,2023-08-10T08:33:39Z,2023-10-13T19:54:25Z,2023-08-10T18:33:21Z,2024-01-26T21:21:02Z
I_kwDOJ6WYl85uB5iH,https://github.com/obsidianmd/obsidian-importer/issues/54,2023-08-10T22:51:34Z,2023-08-14T16:10:52Z,,
I_kwDOJ6WYl85uCGkX,https://github.com/obsidianmd/obsidian-importer/issues/55,2023-08-11T00:20:43Z,2023-08-11T00:31:12Z,2024-01-06T19:56:15Z,
I_kwDOJ6WYl85uCTtN,https://github.com/obsidianmd/obsidian-importer/issues/57,2023-08-11T02:05:31Z,,2023-08-11T02:10:26Z,2023-09-15T20:11:50Z
I_kwDOJ6WYl85uE_sr,https://github.com/obsidianmd/obsidian-importer/issues/58,2023-08-11T13:10:58Z,2023-08-11T16:35:11Z,2023-08-11T16:34:09Z,2023-08-12T16:13:52Z
I_kwDOJ6WYl85uFAeB,https://github.com/obsidianmd/obsidian-importer/issues/59,2023-08-11T13:13:14Z,,2023-08-11T19:58:57Z,2023-08-15T16:39:45Z
I_kwDOJ6WYl85uG0bU,https://github.com/obsidianmd/obsidian-importer/issues/60,2023-08-11T18:50:17Z,2023-10-13T19:56:38Z,,
I_kwDOJ6WYl85uHXOs,https://github.com/obsidianmd/obsidian-importer/issues/61,2023-08-11T21:01:13Z,,2023-08-12T01:09:14Z,2023-08-22T17:07:49Z
I_kwDOJ6WYl85uHeG7,https://github.com/obsidianmd/obsidian-importer/issues/62,2023-08-11T21:35:21Z,,2023-08-12T03:52:08Z,2023-08-14T16:26:45Z
I_kwDOJ6WYl85uJAxu,https://github.com/obsidianmd/obsidian-importer/issues/64,2023-08-12T08:27:01Z,,,2023-08-12T16:46:34Z
I_kwDOJ6WYl85uJBbJ,https://github.com/obsidianmd/obsidian-importer/issues/65,2023-08-12T08:30:19Z,,2023-08-12T16:53:29Z,2023-08-12T16:56:11Z
I_kwDOJ6WYl85uKNMa,https://github.com/obsidianmd/obsidian-importer/issues/66,2023-08-12T18:28:26Z,,2023-08-13T05:39:49Z,2023-08-15T19:42:31Z
I_kwDOJ6WYl85uKR-W,https://github.com/obsidianmd/obsidian-importer/issues/67,2023-08-12T19:09:08Z,2023-10-13T19:56:57Z,2023-08-12T19:47:34Z,2024-05-22T19:52:09Z
I_kwDOJ6WYl85uKbxX,https://github.com/obsidianmd/obsidian-importer/issues/68,2023-08-12T20:37:20Z,2023-08-12T20:54:10Z,2023-08-12T20:54:05Z,2023-08-12T20:54:05Z
I_kwDOJ6WYl85uMBAN,https://github.com/obsidianmd/obsidian-importer/issues/69,2023-08-13T15:49:14Z,,2023-08-14T16:10:11Z,2023-08-22T17:07:16Z
I_kwDOJ6WYl85uVzgU,https://github.com/obsidianmd/obsidian-importer/issues/71,2023-08-15T10:17Z,2023-08-15T15:39:43Z,2023-08-15T16:43:24Z,2023-10-16T16:40:16Z
I_kwDOJ6WYl85uWge_,https://github.com/obsidianmd/obsidian-importer/issues/73,2023-08-15T12:54:29Z,2023-08-15T15:38:15Z,2023-08-15T15:38:19Z,
I_kwDOJ6WYl85ucCjF,https://github.com/obsidianmd/obsidian-importer/issues/74,2023-08-16T09:20:42Z,2023-08-16T16:27:35Z,2023-08-23T00:14:29Z,2023-08-23T18:10:52Z
I_kwDOJ6WYl85um_0C,https://github.com/obsidianmd/obsidian-importer/issues/75,2023-08-17T21:10:55Z,2023-08-18T15:18:03Z,,2023-09-08T19:38:04Z
I_kwDOJ6WYl85unFI3,https://github.com/obsidianmd/obsidian-importer/issues/76,2023-08-17T21:32:38Z,2023-08-18T15:18:18Z,2023-08-17T21:52:15Z,2023-09-08T19:37:56Z
I_kwDOJ6WYl85ur6k3,https://github.com/obsidianmd/obsidian-importer/issues/77,2023-08-18T16:45:37Z,,2023-08-18T16:46:59Z,2023-08-22T17:08:09Z
I_kwDOJ6WYl85utHxF,https://github.com/obsidianmd/obsidian-importer/issues/78,2023-08-18T21:42:48Z,,,2023-08-18T23:28:16Z
I_kwDOJ6WYl85vJG0k,https://github.com/obsidianmd/obsidian-importer/issues/79,2023-08-24T08:23:16Z,2023-08-30T20:00:32Z,2023-09-03T06:25:11Z,2023-09-08T19:38:11Z
I_kwDOJ6WYl85vRU38,https://github.com/obsidianmd/obsidian-importer/issues/80,2023-08-25T10:44:27Z,,2023-08-28T19:35:31Z,2023-08-30T20:00:51Z
I_kwDOJ6WYl85vXjpR,https://github.com/obsidianmd/obsidian-importer/issues/81,2023-08-27T10:39:18Z,2023-08-30T19:59:34Z,2023-08-31T07:14:35Z,2023-09-08T19:37:34Z
I_kwDOJ6WYl85vj0MP,https://github.com/obsidianmd/obsidian-importer/issues/82,2023-08-29T13:18:41Z,2023-08-30T20:00:32Z,2023-08-30T19:39:31Z,2023-09-08T19:37:45Z
I_kwDOJ6WYl85vsRr4,https://github.com/obsidianmd/obsidian-importer/issues/83,2023-08-30T15:09:24Z,2023-08-30T20:00:32Z,2023-08-30T21:07:59Z,2023-11-15T20:46:16Z
I_kwDOJ6WYl85vt2BU,https://github.com/obsidianmd/obsidian-importer/issues/84,2023-08-30T20:01:42Z,2023-08-30T20:03:38Z,2023-08-30T20:05:02Z,2023-09-07T15:58:54Z
I_kwDOJ6WYl85v4r1q,https://github.com/obsidianmd/obsidian-importer/issues/86,2023-09-01T10:02:46Z,2023-10-23T15:48:37Z,2023-09-11T15:01:15Z,
I_kwDOJ6WYl85wCgmV,https://github.com/obsidianmd/obsidian-importer/issues/87,2023-09-04T07:45:14Z,2023-10-13T19:57:58Z,2023-10-25T16:26:12Z,2023-11-15T20:46:21Z
I_kwDOJ6WYl85wG_G3,https://github.com/obsidianmd/obsidian-importer/issues/88,2023-09-04T21:24:44Z,,,2023-09-08T19:48:32Z
I_kwDOJ6WYl85wYpG0,https://github.com/obsidianmd/obsidian-importer/issues/92,2023-09-07T09:37:41Z,2023-10-13T19:58:11Z,2023-11-15T20:46:37Z,2023-11-15T20:46:37Z
I_kwDOJ6WYl85wlcx7,https://github.com/obsidianmd/obsidian-importer/issues/93,2023-09-09T20:27:11Z,,2023-09-09T20:35:23Z,2023-09-12T16:04:54Z
I_kwDOJ6WYl85wlmW5,https://github.com/obsidianmd/obsidian-importer/issues/94,2023-09-09T23:36:33Z,,2023-09-10T16:42:54Z,2023-09-26T17:53:49Z
I_kwDOJ6WYl85wl6sw,https://github.com/obsidianmd/obsidian-importer/issues/95,2023-09-10T05:21:23Z,,2023-09-12T06:56:55Z,2023-09-26T17:53:38Z
I_kwDOJ6WYl85wmHvt,https://github.com/obsidianmd/obsidian-importer/issues/96,2023-09-10T08:09:18Z,2023-09-10T16:31:03Z,2023-09-10T13:08:43Z,
I_kwDOJ6WYl85wmObY,https://github.com/obsidianmd/obsidian-importer/issues/97,2023-09-10T09:22:47Z,2023-09-10T16:30:47Z,2023-09-24T11:06:29Z,
I_kwDOJ6WYl85wmU5v,https://github.com/obsidianmd/obsidian-importer/issues/98,2023-09-10T10:49:03Z,2023-10-23T15:48:28Z,2023-09-11T02:36:18Z,
I_kwDOJ6WYl85wmjod,https://github.com/obsidianmd/obsidian-importer/issues/99,2023-09-10T13:55:51Z,2023-09-13T19:10:12Z,2023-09-20T23:22Z,
I_kwDOJ6WYl85wnBhf,https://github.com/obsidianmd/obsidian-importer/issues/100,2023-09-10T18:24:15Z,,2023-09-11T13:53:34Z,2023-09-26T17:53:36Z
I_kwDOJ6WYl85wsgDV,https://github.com/obsidianmd/obsidian-importer/issues/101,2023-09-11T15:01:59Z,,2023-09-12T16:04:41Z,2023-09-12T16:04:41Z
I_kwDOJ6WYl85wwiyX,https://github.com/obsidianmd/obsidian-importer/issues/102,2023-09-12T06:34:11Z,,2023-09-12T06:36:19Z,2023-09-26T17:53:43Z
I_kwDOJ6WYl85ww68f,https://github.com/obsidianmd/obsidian-importer/issues/103,2023-09-12T07:38:59Z,2023-09-12T23:24:32Z,,2023-09-26T17:53:45Z
I_kwDOJ6WYl85w0T2V,https://github.com/obsidianmd/obsidian-importer/issues/104,2023-09-12T15:28:10Z,2023-09-12T15:35:26Z,,
I_kwDOJ6WYl85w0lFM,https://github.com/obsidianmd/obsidian-importer/issues/105,2023-09-12T16:05:59Z,2023-09-12T16:06:11Z,2023-09-12T17:36:21Z,2023-09-26T17:58:48Z
I_kwDOJ6WYl85xOB4S,https://github.com/obsidianmd/obsidian-importer/issues/107,2023-09-16T17:04:26Z,2023-09-18T16:22:38Z,2023-09-16T17:08:08Z,2023-09-22T17:15:38Z
I_kwDOJ6WYl85xOR2p,https://github.com/obsidianmd/obsidian-importer/issues/109,2023-09-16T21:09:57Z,2023-09-19T17:45:02Z,2023-09-16T21:59:59Z,2024-03-28T16:37:41Z
I_kwDOJ6WYl85xOrAx,https://github.com/obsidianmd/obsidian-importer/issues/110,2023-09-17T06:12:19Z,2023-09-18T16:20:59Z,2023-10-25T16:27:49Z,2023-11-15T20:46:23Z
I_kwDOJ6WYl85xOuEx,https://github.com/obsidianmd/obsidian-importer/issues/111,2023-09-17T07:09:39Z,2023-09-18T16:21:16Z,2023-11-15T20:46:26Z,2023-11-15T20:46:26Z
I_kwDOJ6WYl85xPcil,https://github.com/obsidianmd/obsidian-importer/issues/112,2023-09-17T18:28:59Z,2023-09-18T16:21:30Z,2023-10-26T22:12:19Z,2023-11-15T20:46:29Z
I_kwDOJ6WYl85xgrO9,https://github.com/obsidianmd/obsidian-importer/issues/113,2023-09-20T07:51:42Z,,2023-09-20T13:28:25Z,2023-09-25T19:55:28Z
I_kwDOJ6WYl85xkXci,https://github.com/obsidianmd/obsidian-importer/issues/114,2023-09-20T16:33:29Z,2023-10-13T19:53:36Z,2023-09-22T17:14:25Z,2023-11-15T20:46:32Z
I_kwDOJ6WYl85xl24_,https://github.com/obsidianmd/obsidian-importer/issues/115,2023-09-20T21:32:55Z,,2023-09-22T00:42:27Z,2023-09-26T17:57:49Z
I_kwDOJ6WYl85xq3un,https://github.com/obsidianmd/obsidian-importer/issues/117,2023-09-21T14:02:44Z,2023-10-13T19:51:28Z,2023-09-25T19:50:24Z,2024-11-12T18:21:48Z
I_kwDOJ6WYl85x0ts8,https://github.com/obsidianmd/obsidian-importer/issues/119,2023-09-23T00:34:40Z,2023-10-13T19:54:38Z,2023-09-26T17:55:46Z,2024-02-02T19:40:28Z
I_kwDOJ6WYl85x51eE,https://github.com/obsidianmd/obsidian-importer/issues/120,2023-09-25T08:44:29Z,2023-10-13T19:53:12Z,2023-09-28T15:58:01Z,2024-03-28T16:38:08Z
I_kwDOJ6WYl85ypdWK,https://github.com/obsidianmd/obsidian-importer/issues/122,2023-10-03T07:13:10Z,2023-10-13T19:51:14Z,,
I_kwDOJ6WYl85y3y6T,https://github.com/obsidianmd/obsidian-importer/issues/123,2023-10-05T01:37:20Z,2023-10-10T18:45:06Z,2023-10-10T18:44:59Z,2023-10-11T00:11:45Z
I_kwDOJ6WYl85y5SWB,https://github.com/obsidianmd/obsidian-importer/issues/124,2023-10-05T07:49:16Z,2023-10-10T18:44:43Z,2023-11-10T18:38:31Z,
I_kwDOJ6WYl85zOvOE,https://github.com/obsidianmd/obsidian-importer/issues/126,2023-10-09T14:41:11Z,2023-10-10T18:44:37Z,2023-10-13T00:50:21Z,2024-03-28T16:38:17Z
I_kwDOJ6WYl85zkKO6,https://github.com/obsidianmd/obsidian-importer/issues/128,2023-10-11T22:51:12Z,2023-10-11T22:51:12Z,,
I_kwDOJ6WYl85zzFAj,https://github.com/obsidianmd/obsidian-importer/issues/129,2023-10-13T23:17:24Z,2023-10-23T15:47:42Z,2023-10-14T14:15:07Z,
I_kwDOJ6WYl85zzFcc,https://github.com/obsidianmd/obsidian-importer/issues/130,2023-10-13T23:21:13Z,2023-11-15T20:52:27Z,2023-11-15T20:52:18Z,2023-11-15T20:52:18Z
I_kwDOJ6WYl85zz8Ll,https://github.com/obsidianmd/obsidian-importer/issues/131,2023-10-14T05:33:51Z,,2023-10-14T05:42:42Z,2023-10-14T07:47:32Z
I_kwDOJ6WYl850H0TW,https://github.com/obsidianmd/obsidian-importer/issues/133,2023-10-17T20:33:57Z,2023-10-17T20:33:57Z,2023-10-17T20:34:03Z,2023-10-19T00:28:48Z
I_kwDOJ6WYl850H1B8,https://github.com/obsidianmd/obsidian-importer/issues/134,2023-10-17T20:35:56Z,2023-10-17T20:35:56Z,2023-10-17T20:36:14Z,2023-10-19T00:28:24Z
I_kwDOJ6WYl850H3T1,https://github.com/obsidianmd/obsidian-importer/issues/135,2023-10-17T20:41:08Z,2023-10-17T20:41:08Z,2023-10-17T20:41:15Z,2023-10-19T00:28:24Z
I_kwDOJ6WYl850S58Z,https://github.com/obsidianmd/obsidian-importer/issues/138,2023-10-19T03:12:37Z,,,2023-10-19T15:42:15Z
I_kwDOJ6WYl850UasU,https://github.com/obsidianmd/obsidian-importer/issues/139,2023-10-19T07:42:54Z,,2023-10-19T07:46:07Z,2023-10-19T14:05:23Z
I_kwDOJ6WYl850Y-1M,https://github.com/obsidianmd/obsidian-importer/issues/141,2023-10-19T16:59:06Z,2023-10-19T17:38:52Z,2023-10-19T19:30:01Z,2024-02-02T19:48:49Z
I_kwDOJ6WYl850ZBza,https://github.com/obsidianmd/obsidian-importer/issues/142,2023-10-19T17:07:21Z,2023-10-19T17:37:06Z,2023-10-19T17:36:05Z,
I_kwDOJ6WYl850ZOi_,https://github.com/obsidianmd/obsidian-importer/issues/143,2023-10-19T17:43:53Z,2023-10-19T18:17:14Z,2023-10-19T18:17:10Z,2023-10-24T17:14:24Z
I_kwDOJ6WYl850ZRB7,https://github.com/obsidianmd/obsidian-importer/issues/144,2023-10-19T17:51:22Z,2023-10-19T18:17:50Z,2023-10-19T18:04:11Z,2023-10-24T17:14:24Z
I_kwDOJ6WYl850ZVys,https://github.com/obsidianmd/obsidian-importer/issues/145,2023-10-19T18:05:19Z,2023-10-23T15:45:50Z,2023-11-15T20:53:23Z,
I_kwDOJ6WYl850d4S1,https://github.com/obsidianmd/obsidian-importer/issues/147,2023-10-20T10:22:12Z,2023-10-23T15:43:03Z,2023-10-20T10:41:51Z,2023-11-07T15:39:54Z
I_kwDOJ6WYl850ix4_,https://github.com/obsidianmd/obsidian-importer/issues/148,2023-10-21T03:23:17Z,2023-10-23T15:42:45Z,2023-10-21T04:04:02Z,2023-10-24T17:14:25Z
I_kwDOJ6WYl850jTpU,https://github.com/obsidianmd/obsidian-importer/issues/149,2023-10-21T09:49:13Z,2023-10-23T15:42:14Z,2023-10-22T01:49:50Z,
I_kwDOJ6WYl850kaJb,https://github.com/obsidianmd/obsidian-importer/issues/150,2023-10-21T23:55:19Z,2023-10-23T15:40:51Z,2023-10-26T23:10:25Z,2023-11-15T20:46:35Z
I_kwDOJ6WYl850k2vz,https://github.com/obsidianmd/obsidian-importer/issues/151,2023-10-22T08:52:43Z,2023-10-23T15:42:04Z,2023-10-23T08:04:29Z,
I_kwDOJ6WYl850rLd4,https://github.com/obsidianmd/obsidian-importer/issues/152,2023-10-23T15:46:14Z,2023-10-23T19:17:34Z,2023-10-23T17:52:56Z,2023-11-03T21:21:16Z
I_kwDOJ6WYl8502FUL,https://github.com/obsidianmd/obsidian-importer/issues/153,2023-10-25T01:21:06Z,2023-10-26T18:55:19Z,2023-11-15T20:46:56Z,2023-11-14T22:06:19Z
I_kwDOJ6WYl8502MeG,https://github.com/obsidianmd/obsidian-importer/issues/154,2023-10-25T01:55:04Z,2023-10-26T18:54:50Z,2023-10-25T04:11:26Z,
I_kwDOJ6WYl8509NiK,https://github.com/obsidianmd/obsidian-importer/issues/156,2023-10-25T20:47:34Z,2023-10-26T18:54:08Z,2023-10-26T18:59:12Z,
I_kwDOJ6WYl8509puk,https://github.com/obsidianmd/obsidian-importer/issues/157,2023-10-25T22:07:03Z,2023-10-25T23:19:49Z,2023-10-25T23:18:58Z,
I_kwDOJ6WYl851HQCA,https://github.com/obsidianmd/obsidian-importer/issues/159,2023-10-27T06:11:57Z,2023-11-10T18:52:24Z,2023-10-27T11:07:06Z,2023-11-14T22:18:51Z
I_kwDOJ6WYl851Lrci,https://github.com/obsidianmd/obsidian-importer/issues/160,2023-10-27T18:21:27Z,,2023-10-28T00:39:31Z,2023-10-28T06:38:33Z
I_kwDOJ6WYl851PWon,https://github.com/obsidianmd/obsidian-importer/issues/161,2023-10-29T11:54:50Z,2023-11-10T18:49:55Z,2023-10-30T02:55:01Z,2024-02-09T20:42:14Z
I_kwDOJ6WYl851Y7DH,https://github.com/obsidianmd/obsidian-importer/issues/162,2023-10-31T01:23:20Z,2023-11-10T18:50:39Z,2024-03-28T16:38:23Z,2024-03-28T16:38:22Z
I_kwDOJ6WYl851uce5,https://github.com/obsidianmd/obsidian-importer/issues/164,2023-11-02T22:02:24Z,2023-11-10T18:49:16Z,2023-11-10T18:45:48Z,
I_kwDOJ6WYl851urP_,https://github.com/obsidianmd/obsidian-importer/issues/165,2023-11-02T22:58:21Z,2023-11-10T18:44:17Z,2023-11-15T23:51:17Z,2024-03-28T16:38:30Z
I_kwDOJ6WYl851wFHO,https://github.com/obsidianmd/obsidian-importer/issues/166,2023-11-03T06:37:34Z,2023-11-10T18:44Z,2024-03-28T16:38:35Z,2024-03-28T16:38:35Z
I_kwDOJ6WYl851xr2s,https://github.com/obsidianmd/obsidian-importer/issues/167,2023-11-03T11:14:18Z,2023-11-10T18:26:34Z,,
I_kwDOJ6WYl8510x_m,https://github.com/obsidianmd/obsidian-importer/issues/168,2023-11-03T18:41:55Z,2023-11-07T15:39:31Z,2024-12-10T20:10:58Z,
I_kwDOJ6WYl852ETzM,https://github.com/obsidianmd/obsidian-importer/issues/169,2023-11-07T08:47:35Z,,2023-11-07T15:44:55Z,2023-11-07T15:45:23Z
I_kwDOJ6WYl852HcU-,https://github.com/obsidianmd/obsidian-importer/issues/170,2023-11-07T15:44:13Z,2023-11-07T15:44:13Z,2023-11-09T07:25:16Z,
I_kwDOJ6WYl852UIi2,https://github.com/obsidianmd/obsidian-importer/issues/171,2023-11-09T07:23:09Z,,2023-11-09T07:24:29Z,2023-11-09T07:43:18Z
I_kwDOJ6WYl852bU-X,https://github.com/obsidianmd/obsidian-importer/issues/172,2023-11-10T04:47:28Z,2023-11-10T18:23:47Z,,
I_kwDOJ6WYl852bzV4,https://github.com/obsidianmd/obsidian-importer/issues/173,2023-11-10T06:27:57Z,2023-11-10T18:21:03Z,,
I_kwDOJ6WYl852mmCa,https://github.com/obsidianmd/obsidian-importer/issues/174,2023-11-13T03:38:35Z,2023-11-14T18:04:37Z,2023-11-15T20:46:47Z,2023-11-14T18:05:06Z
I_kwDOJ6WYl852vzWL,https://github.com/obsidianmd/obsidian-importer/issues/176,2023-11-14T08:36:07Z,2023-12-05T17:39:08Z,2023-11-14T18:05:15Z,
I_kwDOJ6WYl852zvWd,https://github.com/obsidianmd/obsidian-importer/issues/177,2023-11-14T18:03:21Z,2023-11-14T18:03:21Z,2023-11-14T18:37:09Z,2024-05-22T19:48:54Z
I_kwDOJ6WYl853H_22,https://github.com/obsidianmd/obsidian-importer/issues/178,2023-11-17T08:54:05Z,,,2023-11-17T15:07:05Z
I_kwDOJ6WYl853O8jf,https://github.com/obsidianmd/obsidian-importer/issues/179,2023-11-18T12:47:22Z,2023-12-05T17:40:43Z,2024-01-15T12:07Z,
I_kwDOJ6WYl853O880,https://github.com/obsidianmd/obsidian-importer/issues/180,2023-11-18T12:51:29Z,2023-12-05T17:40:34Z,,
I_kwDOJ6WYl8532t1O,https://github.com/obsidianmd/obsidian-importer/issues/181,2023-11-25T23:53:12Z,2024-01-25T18:13:31Z,2023-11-30T17:15:58Z,
I_kwDOJ6WYl854AaIi,https://github.com/obsidianmd/obsidian-importer/issues/182,2023-11-28T00:34:30Z,,2023-11-28T17:00:39Z,2023-11-30T17:11:03Z
I_kwDOJ6WYl854KnlE,https://github.com/obsidianmd/obsidian-importer/issues/184,2023-11-29T08:17:53Z,2023-12-05T17:37:31Z,2024-01-29T18:51:48Z,2024-02-02T19:41:47Z
I_kwDOJ6WYl854MtTi,https://github.com/obsidianmd/obsidian-importer/issues/185,2023-11-29T13:29:38Z,2023-12-05T17:38:08Z,2024-01-18T16:37:19Z,2024-02-09T20:41:51Z
I_kwDOJ6WYl8541OAT,https://github.com/obsidianmd/obsidian-importer/issues/186,2023-12-05T22:13:58Z,2024-02-02T19:59:39Z,2023-12-28T22:34:30Z,2023-12-28T22:34:30Z
I_kwDOJ6WYl855MzG1,https://github.com/obsidianmd/obsidian-importer/issues/187,2023-12-08T22:45:07Z,2024-01-25T18:02:21Z,2024-02-09T20:41:41Z,2024-02-09T20:41:41Z
I_kwDOJ6WYl855UEnq,https://github.com/obsidianmd/obsidian-importer/issues/188,2023-12-11T10:11:46Z,2024-01-25T18:14:35Z,,
I_kwDOJ6WYl855ryYl,https://github.com/obsidianmd/obsidian-importer/issues/189,2023-12-14T11:41:14Z,2024-02-02T20:06:25Z,,
I_kwDOJ6WYl855tzBz,https://github.com/obsidianmd/obsidian-importer/issues/190,2023-12-14T16:30:30Z,2024-01-25T18:02:36Z,2023-12-14T18:16:12Z,2024-02-09T20:40:33Z
I_kwDOJ6WYl856HRWi,https://github.com/obsidianmd/obsidian-importer/issues/191,2023-12-19T14:03:31Z,,2023-12-19T14:06:42Z,2024-01-25T18:13:05Z
I_kwDOJ6WYl856R00x,https://github.com/obsidianmd/obsidian-importer/issues/192,2023-12-21T00:40:52Z,2024-01-25T18:05:40Z,2023-12-21T01:02:09Z,2024-10-21T21:07:37Z
I_kwDOJ6WYl8561zIV,https://github.com/obsidianmd/obsidian-importer/issues/193,2023-12-31T03:19:01Z,2024-01-25T18:01:36Z,,
I_kwDOJ6WYl8564QWo,https://github.com/obsidianmd/obsidian-importer/issues/194,2024-01-01T13:39:40Z,2024-01-25T18:11:29Z,2024-01-29T18:54:15Z,2024-02-09T20:41:43Z
I_kwDOJ6WYl857IILv,https://github.com/obsidianmd/obsidian-importer/issues/195,2024-01-04T14:10:32Z,2024-02-02T19:59:51Z,2024-01-04T18:41:39Z,2024-01-04T18:41:39Z
I_kwDOJ6WYl857NI3v,https://github.com/obsidianmd/obsidian-importer/issues/196,2024-01-05T09:50:29Z,2024-01-25T18:01:37Z,2024-02-27T19:08Z,2024-11-04T14:34:04Z
I_kwDOJ6WYl857NKAl,https://github.com/obsidianmd/obsidian-importer/issues/197,2024-01-05T09:53:02Z,2024-01-25T18:01:38Z,2024-03-28T16:40Z,2024-03-28T16:40Z
I_kwDOJ6WYl857cbaU,https://github.com/obsidianmd/obsidian-importer/issues/198,2024-01-08T19:01:49Z,2024-01-23T17:05:53Z,2024-01-09T22:14:22Z,2024-03-28T16:38:40Z
I_kwDOJ6WYl857cgEP,https://github.com/obsidianmd/obsidian-importer/issues/199,2024-01-08T19:13:35Z,2024-01-25T18:02:07Z,2024-01-30T03:31:44Z,
I_kwDOJ6WYl857vRcV,https://github.com/obsidianmd/obsidian-importer/issues/200,2024-01-11T07:57:04Z,2024-01-25T18:01:22Z,2024-01-26T21:22:59Z,2024-02-09T20:40:39Z
I_kwDOJ6WYl858c6-3,https://github.com/obsidianmd/obsidian-importer/issues/201,2024-01-18T10:14:15Z,2024-01-25T18:01:12Z,2024-01-29T18:56:54Z,2024-02-09T20:40:43Z
I_kwDOJ6WYl858tJyl,https://github.com/obsidianmd/obsidian-importer/issues/202,2024-01-20T19:21:39Z,2024-01-25T18:10:26Z,2024-01-23T01:39:16Z,
I_kwDOJ6WYl859PZlF,https://github.com/obsidianmd/obsidian-importer/issues/203,2024-01-25T21:20:43Z,2024-01-30T22:15:55Z,2024-02-04T04:38:44Z,
I_kwDOJ6WYl859WBDt,https://github.com/obsidianmd/obsidian-importer/issues/204,2024-01-26T21:24:07Z,2024-01-26T21:24:14Z,2024-01-26T21:27:16Z,2024-02-09T19:23:34Z
I_kwDOJ6WYl8590-gY,https://github.com/obsidianmd/obsidian-importer/issues/206,2024-01-31T21:56:56Z,2024-02-02T19:59:16Z,2024-02-03T19:53:36Z,
I_kwDOJ6WYl85-b3qn,https://github.com/obsidianmd/obsidian-importer/issues/208,2024-02-06T16:39:59Z,2024-11-04T14:40:56Z,,
I_kwDOJ6WYl85-1nvt,https://github.com/obsidianmd/obsidian-importer/issues/210,2024-02-09T23:46:53Z,2024-03-27T21:50Z,,
I_kwDOJ6WYl85-4FA2,https://github.com/obsidianmd/obsidian-importer/issues/211,2024-02-10T18:00:46Z,,2024-11-13T18:00:32Z,
I_kwDOJ6WYl85_E6PE,https://github.com/obsidianmd/obsidian-importer/issues/212,2024-02-13T10:33:04Z,2024-02-13T14:38:54Z,2024-02-13T14:38:38Z,2024-02-13T15:22:34Z
I_kwDOJ6WYl85_Su7L,https://github.com/obsidianmd/obsidian-importer/issues/213,2024-02-15T04:33:53Z,2024-03-27T21:49:17Z,2024-02-17T21:59:17Z,
I_kwDOJ6WYl85_bHWG,https://github.com/obsidianmd/obsidian-importer/issues/214,2024-02-16T03:39:39Z,,,
I_kwDOJ6WYl85_h0jC,https://github.com/obsidianmd/obsidian-importer/issues/215,2024-02-16T22:26:35Z,2024-03-27T21:49:25Z,2024-08-14T11:53:25Z,
I_kwDOJ6WYl86AxzWc,https://github.com/obsidianmd/obsidian-importer/issues/216,2024-02-29T06:56:22Z,2024-03-27T21:49:49Z,,
I_kwDOJ6WYl86BBxa1,https://github.com/obsidianmd/obsidian-importer/issues/217,2024-03-02T09:17:13Z,,,
I_kwDOJ6WYl86BVYYX,https://github.com/obsidianmd/obsidian-importer/issues/218,2024-03-05T18:15:02Z,2024-03-27T21:49:26Z,2024-03-05T18:17:46Z,
I_kwDOJ6WYl86BxrUL,https://github.com/obsidianmd/obsidian-importer/issues/219,2024-03-09T15:55:38Z,,2024-03-09T21:53:30Z,2024-03-12T23:41:50Z
I_kwDOJ6WYl86CYtGS,https://github.com/obsidianmd/obsidian-importer/issues/220,2024-03-15T00:50:48Z,,2024-03-15T01:46:05Z,2024-03-15T01:46:05Z
I_kwDOJ6WYl86CgHYP,https://github.com/obsidianmd/obsidian-importer/issues/221,2024-03-15T20:55:22Z,,2024-03-15T23:21:08Z,2024-03-15T23:21:08Z
I_kwDOJ6WYl86DYo7q,https://github.com/obsidianmd/obsidian-importer/issues/222,2024-03-24T10:01:28Z,2024-03-27T21:50:20Z,,
I_kwDOJ6WYl86DnnY5,https://github.com/obsidianmd/obsidian-importer/issues/223,2024-03-26T13:08:16Z,2024-03-27T21:49:50Z,2024-06-09T07:26:03Z,
I_kwDOJ6WYl86DzAbH,https://github.com/obsidianmd/obsidian-importer/issues/224,2024-03-27T16:00:39Z,2024-04-15T16:29:08Z,2024-08-20T16:45:42Z,2024-09-03T15:37:16Z
I_kwDOJ6WYl86ED3cK,https://github.com/obsidianmd/obsidian-importer/issues/225,2024-03-29T15:51:25Z,2024-03-29T15:53:17Z,2024-03-29T15:53:09Z,2024-12-17T00:16:09Z
I_kwDOJ6WYl86EF8MK,https://github.com/obsidianmd/obsidian-importer/issues/226,2024-03-30T02:02:52Z,2024-04-15T16:28:41Z,,
I_kwDOJ6WYl86EF_fV,https://github.com/obsidianmd/obsidian-importer/issues/227,2024-03-30T02:37:58Z,2024-04-15T16:28:41Z,,
I_kwDOJ6WYl86E3wjv,https://github.com/obsidianmd/obsidian-importer/issues/228,2024-04-06T11:51:33Z,2024-04-15T16:28:42Z,,
I_kwDOJ6WYl86E58hQ,https://github.com/obsidianmd/obsidian-importer/issues/229,2024-04-07T13:53:52Z,2024-04-15T16:29:08Z,2024-04-15T16:34:20Z,2024-05-22T19:52:18Z
I_kwDOJ6WYl86E6PFf,https://github.com/obsidianmd/obsidian-importer/issues/230,2024-04-07T17:13:22Z,2024-04-15T16:28:46Z,2024-06-20T21:46:09Z,
I_kwDOJ6WYl86FJ5gc,https://github.com/obsidianmd/obsidian-importer/issues/232,2024-04-09T17:26:08Z,,2024-04-09T18:19:58Z,2024-04-09T18:25:27Z
I_kwDOJ6WYl86FKV9s,https://github.com/obsidianmd/obsidian-importer/issues/233,2024-04-09T18:28:02Z,2024-04-15T16:28:42Z,2024-04-09T23:53:30Z,2024-12-17T00:14:53Z
I_kwDOJ6WYl86FM8S3,https://github.com/obsidianmd/obsidian-importer/issues/234,2024-04-10T05:04:32Z,,2024-04-12T17:28:29Z,2024-04-12T17:28:29Z
I_kwDOJ6WYl86Fjo4f,https://github.com/obsidianmd/obsidian-importer/issues/235,2024-04-12T18:42:23Z,,,
I_kwDOJ6WYl86FnM9O,https://github.com/obsidianmd/obsidian-importer/issues/236,2024-04-13T16:30:09Z,,2024-04-24T19:48:04Z,2024-05-21T16:31:56Z
I_kwDOJ6WYl86Fz_TK,https://github.com/obsidianmd/obsidian-importer/issues/237,2024-04-16T03:03:20Z,2024-06-06T19:55:54Z,2024-06-06T17:21:16Z,
I_kwDOJ6WYl86F8v0a,https://github.com/obsidianmd/obsidian-importer/issues/238,2024-04-17T03:37:51Z,,2024-04-17T09:06:52Z,2024-04-17T15:43:20Z
I_kwDOJ6WYl86GPrpm,https://github.com/obsidianmd/obsidian-importer/issues/239,2024-04-19T07:17:37Z,,,
I_kwDOJ6WYl86GVAqE,https://github.com/obsidianmd/obsidian-importer/issues/240,2024-04-19T18:34:40Z,2024-05-05T16:01:36Z,2024-09-25T01:42:11Z,
I_kwDOJ6WYl86GVC1A,https://github.com/obsidianmd/obsidian-importer/issues/241,2024-04-19T18:38:36Z,2024-05-05T16:01:37Z,2024-09-17T19:24:44Z,
I_kwDOJ6WYl86Hqwdb,https://github.com/obsidianmd/obsidian-importer/issues/243,2024-05-02T17:46:26Z,,,
I_kwDOJ6WYl86H2dFs,https://github.com/obsidianmd/obsidian-importer/issues/244,2024-05-04T21:06:02Z,2024-05-05T16:01:23Z,,
I_kwDOJ6WYl86H3BkL,https://github.com/obsidianmd/obsidian-importer/issues/245,2024-05-05T06:24:58Z,2024-05-05T16:01:23Z,,
I_kwDOJ6WYl86H3NMk,https://github.com/obsidianmd/obsidian-importer/issues/246,2024-05-05T08:33:15Z,2024-05-05T16:01:23Z,,
I_kwDOJ6WYl86H3PIc,https://github.com/obsidianmd/obsidian-importer/issues/247,2024-05-05T08:51:24Z,2024-05-05T16:00:39Z,,
I_kwDOJ6WYl86H-nVm,https://github.com/obsidianmd/obsidian-importer/issues/248,2024-05-06T17:06:58Z,2024-05-13T17:05:33Z,2024-05-06T17:31:45Z,
I_kwDOJ6WYl86IdVSG,https://github.com/obsidianmd/obsidian-importer/issues/249,2024-05-10T09:46:33Z,,2024-06-14T04:45:34Z,
I_kwDOJ6WYl86Iibct,https://github.com/obsidianmd/obsidian-importer/issues/250,2024-05-11T06:54:35Z,,,
I_kwDOJ6WYl86Il3o0,https://github.com/obsidianmd/obsidian-importer/issues/251,2024-05-13T01:32:53Z,2024-05-13T17:05:21Z,2024-05-13T17:05:16Z,2024-05-22T19:40:48Z
I_kwDOJ6WYl86I_xW6,https://github.com/obsidianmd/obsidian-importer/issues/252,2024-05-15T17:05:57Z,2024-05-15T17:28:01Z,2024-05-15T17:27:56Z,2024-05-15T17:27:55Z
I_kwDOJ6WYl86JsIXR,https://github.com/obsidianmd/obsidian-importer/issues/253,2024-05-22T09:33:17Z,2024-05-22T23:34:45Z,2024-05-22T23:35:43Z,
I_kwDOJ6WYl86JxJNo,https://github.com/obsidianmd/obsidian-importer/issues/255,2024-05-22T19:51:40Z,2024-05-22T19:51:40Z,,
I_kwDOJ6WYl86KAOcG,https://github.com/obsidianmd/obsidian-importer/issues/256,2024-05-24T12:39:43Z,,2024-09-14T14:40Z,
I_kwDOJ6WYl86Ki-wm,https://github.com/obsidianmd/obsidian-importer/issues/257,2024-05-30T00:15:20Z,,2024-06-19T08:34:38Z,
I_kwDOJ6WYl86K3uyL,https://github.com/obsidianmd/obsidian-importer/issues/258,2024-06-02T21:09:10Z,2024-06-03T01:25:40Z,2024-06-02T23:20:17Z,
I_kwDOJ6WYl86LJAXY,https://github.com/obsidianmd/obsidian-importer/issues/259,2024-06-04T21:24:43Z,,2024-11-29T22:47:11Z,2024-12-05T19:24:39Z
I_kwDOJ6WYl86LJ695,https://github.com/obsidianmd/obsidian-importer/issues/260,2024-06-05T00:45:51Z,2024-06-05T02:06:54Z,,
I_kwDOJ6WYl86LVYzO,https://github.com/obsidianmd/obsidian-importer/issues/261,2024-06-06T08:21:24Z,2024-06-06T15:27:02Z,,
I_kwDOJ6WYl86LVbQI,https://github.com/obsidianmd/obsidian-importer/issues/262,2024-06-06T08:26:42Z,2024-06-06T15:27:02Z,,
I_kwDOJ6WYl86LVm5U,https://github.com/obsidianmd/obsidian-importer/issues/263,2024-06-06T08:46:08Z,2024-06-06T15:27:03Z,,
I_kwDOJ6WYl86LVwPu,https://github.com/obsidianmd/obsidian-importer/issues/264,2024-06-06T08:59:45Z,2024-06-06T15:27:04Z,2024-08-08T00:02:49Z,
I_kwDOJ6WYl86LV2P8,https://github.com/obsidianmd/obsidian-importer/issues/265,2024-06-06T09:12:01Z,2024-06-06T15:27:05Z,,
I_kwDOJ6WYl86Ll-sV,https://github.com/obsidianmd/obsidian-importer/issues/266,2024-06-09T02:53:23Z,2024-06-09T21:22:25Z,2024-06-09T15:37:13Z,
I_kwDOJ6WYl86MDnrF,https://github.com/obsidianmd/obsidian-importer/issues/267,2024-06-12T22:08:09Z,2024-06-13T21:27:35Z,2024-06-13T21:28:28Z,
I_kwDOJ6WYl86MJB5z,https://github.com/obsidianmd/obsidian-importer/issues/268,2024-06-13T13:35:01Z,,2024-06-13T13:42:46Z,
I_kwDOJ6WYl86MMxoW,https://github.com/obsidianmd/obsidian-importer/issues/269,2024-06-13T22:26:47Z,2024-06-15T22:25:10Z,2024-06-15T22:42:05Z,
I_kwDOJ6WYl86MThmE,https://github.com/obsidianmd/obsidian-importer/issues/271,2024-06-14T19:03:58Z,2024-11-04T14:41:26Z,2024-06-14T21:12:49Z,2024-11-04T14:41:31Z
I_kwDOJ6WYl86NVQpn,https://github.com/obsidianmd/obsidian-importer/issues/272,2024-06-24T21:45:34Z,,2024-09-01T18:46:31Z,2024-11-12T16:39:54Z
I_kwDOJ6WYl86N-3fa,https://github.com/obsidianmd/obsidian-importer/issues/273,2024-06-30T03:41:12Z,,,
I_kwDOJ6WYl86OJQJR,https://github.com/obsidianmd/obsidian-importer/issues/274,2024-07-01T21:47:24Z,2024-07-01T22:50:48Z,2024-07-01T22:50:43Z,2024-07-01T22:50:43Z
I_kwDOJ6WYl86OJ2vO,https://github.com/obsidianmd/obsidian-importer/issues/275,2024-07-02T00:13:26Z,2024-11-04T14:43:18Z,2024-11-04T14:43:13Z,2024-11-04T14:43:13Z
I_kwDOJ6WYl86OSWnl,https://github.com/obsidianmd/obsidian-importer/issues/276,2024-07-02T21:12:28Z,,,
I_kwDOJ6WYl86PS-sW,https://github.com/obsidianmd/obsidian-importer/issues/278,2024-07-11T20:58:53Z,,2024-09-13T07:03:28Z,
I_kwDOJ6WYl86PUijG,https://github.com/obsidianmd/obsidian-importer/issues/279,2024-07-12T02:34:55Z,,2024-07-12T03:44:36Z,2024-07-12T03:44:46Z
I_kwDOJ6WYl86PexVe,https://github.com/obsidianmd/obsidian-importer/issues/280,2024-07-14T00:23:05Z,2024-07-14T00:37:51Z,2024-07-14T00:43:24Z,2024-07-14T11:28:50Z
I_kwDOJ6WYl86PfcUC,https://github.com/obsidianmd/obsidian-importer/issues/281,2024-07-14T11:10:04Z,2024-07-14T15:30:21Z,2024-12-05T17:13:18Z,2024-12-05T19:24:39Z
I_kwDOJ6WYl86QSFXQ,https://github.com/obsidianmd/obsidian-importer/issues/282,2024-07-20T07:29:53Z,,,
I_kwDOJ6WYl86Q93dm,https://github.com/obsidianmd/obsidian-importer/issues/283,2024-07-26T12:28:35Z,,2024-08-23T18:03:38Z,2024-11-04T14:35:03Z
I_kwDOJ6WYl86TMOQ5,https://github.com/obsidianmd/obsidian-importer/issues/284,2024-08-16T04:39:19Z,2024-08-23T18:03:57Z,2024-08-16T08:16:23Z,2024-08-23T18:03:50Z
I_kwDOJ6WYl86TxpVP,https://github.com/obsidianmd/obsidian-importer/issues/285,2024-08-21T22:17:20Z,,2024-08-22T17:17:29Z,2024-08-22T17:17:29Z
I_kwDOJ6WYl86UCPmY,https://github.com/obsidianmd/obsidian-importer/issues/286,2024-08-23T17:57:39Z,,,
I_kwDOJ6WYl86UCbi9,https://github.com/obsidianmd/obsidian-importer/issues/287,2024-08-23T18:31:34Z,2024-08-24T23:55:04Z,,
I_kwDOJ6WYl86UOGiL,https://github.com/obsidianmd/obsidian-importer/issues/288,2024-08-26T12:18:45Z,2024-11-04T14:39:21Z,2024-10-08T20:55:08Z,2024-11-04T14:39:27Z
I_kwDOJ6WYl86UUJFR,https://github.com/obsidianmd/obsidian-importer/issues/289,2024-08-27T05:24:58Z,,2024-12-05T19:31:51Z,
I_kwDOJ6WYl86UcbDn,https://github.com/obsidianmd/obsidian-importer/issues/290,2024-08-27T22:30:24Z,,2024-08-27T22:39:58Z,2024-08-27T22:56:30Z
I_kwDOJ6WYl86Ucfed,https://github.com/obsidianmd/obsidian-importer/issues/291,2024-08-27T22:49:59Z,,2024-12-09T22:16:07Z,
I_kwDOJ6WYl86UcgGE,https://github.com/obsidianmd/obsidian-importer/issues/292,2024-08-27T22:52:52Z,,,
I_kwDOJ6WYl86Ucgb4,https://github.com/obsidianmd/obsidian-importer/issues/293,2024-08-27T22:54:28Z,,2024-09-23T16:22:14Z,
I_kwDOJ6WYl86UcgvD,https://github.com/obsidianmd/obsidian-importer/issues/294,2024-08-27T22:55:54Z,,,
I_kwDOJ6WYl86UyzAe,https://github.com/obsidianmd/obsidian-importer/issues/295,2024-08-30T06:21:11Z,,2024-10-08T20:49:33Z,2024-10-16T20:55:46Z
I_kwDOJ6WYl86VueLJ,https://github.com/obsidianmd/obsidian-importer/issues/296,2024-09-07T17:59:39Z,,,
I_kwDOJ6WYl86VwDq1,https://github.com/obsidianmd/obsidian-importer/issues/297,2024-09-08T14:00:18Z,2024-09-11T21:20:36Z,2024-09-11T21:20:24Z,2024-10-08T20:48:17Z
I_kwDOJ6WYl86VwGvP,https://github.com/obsidianmd/obsidian-importer/issues/298,2024-09-08T14:27:59Z,,2024-09-08T14:35:22Z,2024-10-08T20:36:39Z
I_kwDOJ6WYl86WNAj3,https://github.com/obsidianmd/obsidian-importer/issues/299,2024-09-11T14:56:53Z,2024-11-04T14:38:36Z,,
I_kwDOJ6WYl86XR10d,https://github.com/obsidianmd/obsidian-importer/issues/300,2024-09-20T06:57:01Z,2024-11-04T14:38:22Z,,
I_kwDOJ6WYl86YlJfl,https://github.com/obsidianmd/obsidian-importer/issues/302,2024-10-01T18:04:12Z,2024-10-09T15:17:43Z,2024-10-09T15:34:35Z,2024-10-18T08:29:38Z
I_kwDOJ6WYl86YpbIC,https://github.com/obsidianmd/obsidian-importer/issues/303,2024-10-02T08:49:01Z,2024-10-08T20:45:14Z,2024-10-08T20:46:22Z,
I_kwDOJ6WYl86Yr2vi,https://github.com/obsidianmd/obsidian-importer/issues/304,2024-10-02T13:12:58Z,,2024-10-02T16:06:33Z,2024-10-07T17:25:21Z
I_kwDOJ6WYl86Y396I,https://github.com/obsidianmd/obsidian-importer/issues/306,2024-10-03T19:04:42Z,2024-10-08T20:39:34Z,2024-10-09T15:15:36Z,
I_kwDOJ6WYl86ZGg5T,https://github.com/obsidianmd/obsidian-importer/issues/307,2024-10-06T11:55:10Z,2024-10-08T20:39:10Z,,
I_kwDOJ6WYl86ZHTpe,https://github.com/obsidianmd/obsidian-importer/issues/308,2024-10-06T18:53:20Z,,,2024-10-06T19:16:17Z
I_kwDOJ6WYl86ZOWcB,https://github.com/obsidianmd/obsidian-importer/issues/309,2024-10-07T14:50:13Z,,2024-10-08T20:38:32Z,2024-10-08T20:38:32Z
I_kwDOJ6WYl86Zic0M,https://github.com/obsidianmd/obsidian-importer/issues/311,2024-10-09T13:28:22Z,2024-10-09T15:17Z,,
I_kwDOJ6WYl86Z2987,https://github.com/obsidianmd/obsidian-importer/issues/312,2024-10-11T12:59:42Z,2024-10-11T15:38:42Z,2024-10-11T15:38:32Z,
I_kwDOJ6WYl86aWzG7,https://github.com/obsidianmd/obsidian-importer/issues/313,2024-10-15T19:23:28Z,2024-11-04T14:30:27Z,,
I_kwDOJ6WYl86bJbys,https://github.com/obsidianmd/obsidian-importer/issues/314,2024-10-21T15:37:14Z,2024-11-04T14:27:47Z,2024-11-04T14:27:42Z,2024-11-04T14:27:42Z
I_kwDOJ6WYl86bcePF,https://github.com/obsidianmd/obsidian-importer/issues/315,2024-10-23T09:38:16Z,2024-11-04T14:30:13Z,2024-12-10T20:09:33Z,
I_kwDOJ6WYl86bpYIw,https://github.com/obsidianmd/obsidian-importer/issues/316,2024-10-24T11:44:25Z,2024-11-04T14:31:12Z,2024-10-29T17:03:51Z,2024-11-04T14:31:07Z
I_kwDOJ6WYl86cRxHq,https://github.com/obsidianmd/obsidian-importer/issues/317,2024-10-29T17:23:36Z,2024-11-04T14:28:45Z,2024-12-16T22:55:36Z,
I_kwDOJ6WYl86czkXA,https://github.com/obsidianmd/obsidian-importer/issues/318,2024-11-02T20:19:24Z,2024-11-04T14:43:56Z,2024-11-04T14:29:51Z,
I_kwDOJ6WYl86dyuOq,https://github.com/obsidianmd/obsidian-importer/issues/319,2024-11-10T14:54:02Z,2024-12-16T22:52:24Z,2024-11-10T19:38:48Z,
I_kwDOJ6WYl86eoFhy,https://github.com/obsidianmd/obsidian-importer/issues/320,2024-11-15T09:01:50Z,2024-12-16T22:53Z,2024-12-16T23:25:24Z,
I_kwDOJ6WYl86eoHop,https://github.com/obsidianmd/obsidian-importer/issues/321,2024-11-15T09:06:04Z,,2024-12-09T22:14:50Z,2024-12-09T22:14:50Z
I_kwDOJ6WYl86eo5DE,https://github.com/obsidianmd/obsidian-importer/issues/322,2024-11-15T10:18:44Z,2024-11-15T14:31:31Z,2024-12-07T16:37:14Z,
I_kwDOJ6WYl86eu_N2,https://github.com/obsidianmd/obsidian-importer/issues/323,2024-11-15T20:53:39Z,,2024-12-10T19:56:05Z,
I_kwDOJ6WYl86e6h0s,https://github.com/obsidianmd/obsidian-importer/issues/325,2024-11-17T16:46:57Z,,,
I_kwDOJ6WYl86fQ-Td,https://github.com/obsidianmd/obsidian-importer/issues/326,2024-11-19T12:33:50Z,2024-12-16T21:11:12Z,2024-11-19T12:46:24Z,
I_kwDOJ6WYl86g6OZM,https://github.com/obsidianmd/obsidian-importer/issues/327,2024-11-27T19:27:25Z,2024-12-16T21:11:01Z,,
I_kwDOJ6WYl86hZKm5,https://github.com/obsidianmd/obsidian-importer/issues/328,2024-11-30T17:38:52Z,,,
I_kwDOJ6WYl86iSjhC,https://github.com/obsidianmd/obsidian-importer/issues/330,2024-12-06T11:21:26Z,,2024-12-06T12:46:20Z,2024-12-10T19:24:56Z
I_kwDOJ6WYl86iavQy,https://github.com/obsidianmd/obsidian-importer/issues/332,2024-12-08T02:54:03Z,2024-12-16T21:08:48Z,2024-12-16T21:10:48Z,
I_kwDOJ6WYl86jSp59,https://github.com/obsidianmd/obsidian-importer/issues/334,2024-12-14T05:16:19Z,2024-12-16T21:08:41Z,2024-12-16T22:50:42Z,
I_kwDOJ6WYl86jXndf,https://github.com/obsidianmd/obsidian-importer/issues/336,2024-12-15T20:35:34Z,2024-12-16T21:06:19Z,2024-12-16T22:05:03Z,2024-12-17T00:01:46Z
